Variable,Mean,SD,Min,Max,Median
detect_prop_15d,76.66622511078526,37.04242141651031,0,100,100
