Variable,Mean,SD,Min,Max,Median
percentile,46.403813239957444,42.04634193895402,0,999,44.8
