Variable,Mean,SD,Min,Max,Median
population_served,128733.78896430743,339018.7570288093,564,4000000,32000
