Variable,Mean,SD,Min,Max,Median
ptc_15d,3101931.3988911672,77398672.33445866,-100,2147483647,0
