sampling_prior,n,Percent
no,676556,87.43530129403874
yes,97223,12.564698705961263
