sample_location,n,Percent
Before treatment plant,35345,4.5678417222488585
Treatment plant,738434,95.43215827775114
